name,hobby,age,educational,marital,class
n92,h2,a1,e1,m2,c1
n10,h2,a1,e3,m2,c2
n83,h3,a1,e4,m1,c3
n61,h2,a1,e2,m2,c3
n107,h1,a1,e3,m4,c3
n113,h1,a1,e3,m2,c2
n80,h3,a1,e3,m2,c2
n125,h3,a4,e2,m4,c3
n36,h2,a2,e1,m1,c1
n105,h3,a2,e1,m1,c1
n81,h1,a2,e1,m1,c1
n122,h2,a2,e3,m4,c3
n94,h1,a1,e2,m1,c1
n60,h2,a1,e2,m2,c2
n8,h2,a4,e1,m4,c3
n20,h1,a1,e3,m3,c1
n85,h3,a2,e1,m2,c2
n50,h1,a2,e1,m1,c1
n68,h3,a3,e2,m1,c1
n89,h3,a1,e3,m2,c1
n52,h1,a2,e2,m1,c2
n19,h3,a2,e1,m3,c1
n118,h2,a1,e2,m1,c1
n16,h3,a2,e1,m3,c1
n91,h2,a3,e2,m1,c1
n79,h3,a2,e2,m1,c2
n23,h3,a2,e1,m3,c2
n25,h2,a1,e2,m2,c2
n30,h1,a1,e3,m2,c1
n57,h3,a2,e1,m1,c1
n3,h1,a4,e1,m1,c3
n114,h2,a2,e1,m3,c1
n37,h1,a2,e1,m3,c2
n66,h1,a1,e1,m2,c1
n110,h2,a4,e3,m1,c3
n116,h3,a1,e2,m2,c2
n88,h1,a1,e2,m2,c2
n77,h3,a2,e2,m1,c2
n82,h1,a2,e1,m2,c3
n64,h3,a4,e3,m2,c3
n84,h2,a2,e2,m1,c2
n86,h2,a2,e1,m2,c2
n6,h3,a2,e1,m3,c2
n74,h3,a2,e1,m1,c1
n106,h3,a1,e2,m1,c1
n115,h1,a2,e1,m3,c2
n130,h2,a1,e1,m2,c1
n54,h1,a1,e1,m2,c1
n33,h1,a2,e2,m3,c2
n67,h3,a3,e1,m1,c1
n69,h3,a3,e3,m1,c1
n39,h3,a2,e1,m2,c2
n53,h3,a2,e1,m2,c2
n127,h3,a1,e2,m1,c1
n96,h1,a1,e1,m2,c1
n121,h2,a1,e3,m2,c1
n70,h2,a2,e2,m1,c2
n123,h2,a1,e2,m1,c1
n42,h2,a2,e1,m3,c1
n78,h2,a1,e2,m2,c2
n11,h1,a2,e4,m2,c3
n129,h2,a2,e1,m2,c2
n128,1h,a1,e2,m4,c3
n5,h1,a3,e2,m1,c1
n4,h2,a4,e4,m2,c3
n95,h2,a3,e2,m1,c1
n73,h3,a1,e2,m2,c2
n26,h1,a1,e2,m2,c2
n48,h1,a3,e2,m4,c3
n104,h1,a1,e2,m2,c2
n102,h3,a1,e4,m2,c3
n2,h2,a1,e3,m2,c2
n41,h1,a1,e3,m2,c2
n119,h3,a1,e3,m2,c1
n75,h1,a2,e4,m4,c3
n47,h1,a4,e2,m1,c3
n93,h2,a1,e2,m1,c1
n46,h3,a4,e1,m2,c3
n132,h2,a2,e1,m1,c1
n108,h1,a1,e2,m1,c1
n18,h2,a2,e4,m3,c3
n62,h3,a1,e2,m2,c2
n120,h1,a1,e3,m2,c1
n35,h1,a2,e1,m3,c1
n27,h1,a4,e4,m1,c3
n98,h3,a3,e3,m2,c2
n109,h2,a2,e1,m3,c2
n31,h3,a3,e2,m1,c2
n112,h1,a1,e1,m3,c1
n34,h2,a2,e1,m2,c2
n63,h2,a2,e2,m1,c2
n65,h2,a3,e2,m3,c2
n117,h1,a3,e2,m1,c2
n56,h2,a2,e1,m2,c2
n59,h1,a1,e1,m2,c1
n76,h3,a2,e2,m1,c2
n1,h3,a2,e1,m1,c1
n28,h1,a1,e2,m1,c1
n22,h3,a1,e4,m4,c3
n29,h3,a3,e2,m1,c2
n111,h2,a3,e2,m1,c2
n97,h2,a1,e3,m1,c1
n49,h1,a2,e1,m2,c2
n51,h3,a1,e1,m2,c1
n87,h2,a2,e4,m1,c3
n58,h1,a2,e2,m1,c2
n32,h2,a3,e2,m1,c2
n72,h2,a2,e1,m4,c3
n55,h1,a4,e2,m3,c3
n103,h2,a2,e1,m1,c1
n7,h1,a2,e1,m1,c1
n99,h2,a2,e3,m2,c2
n15,h1,a3,e2,m1,c1
n126,h3,a1,e2,m1,c1
n45,h3,a1,e1,m2,c1
n101,h3,a3,e1,m4,c3
n100,h2,a3,e4,m1,c3
n24,h1,a2,e3,m3,c2
n124,h3,a3,e2,m2,c2
n13,h3,a3,e4,m2,c3
n14,h1,a2,e2,m1,c2
n38,h2,a1,e1,m4,c3
n71,h3,a1,e2,m2,c2
n43,h3,a2,e2,m4,c3
n131,h2,a3,e1,m3,c1
n17,h2,a1,e1,m2,c1
n12,h3,a4,e1,m3,c3
n44,h1,a1,e4,m3,c3
n40,h2,a1,e2,m1,c1
n90,h1,a2,e1,m2,c2
n21,h1,a2,e2,m1,c2
n92,h1,a1,e1,m2,c2
